Transaction_date,Product,Price,Payment_Type,Name,City,State,Country
1/2/09 6:17,Product1,1200,Mastercard,carolina,Basildon,England,United Kingdom
1/2/09 4:53,Product1,1200,Visa,Betina,Parkville                   ,MO,United States
1/2/09 13:08,Product1,1200,Mastercard,Federica e Andrea,Astoria                     ,OR,United States
1/3/09 14:44,Product1,1200,Visa,Gouya,Echuca,Victoria,Australia
1/4/09 12:56,Product2,3600,Visa,Gerd W ,Cahaba Heights              ,AL,United States
1/4/09 13:19,Product1,1200,Visa,LAURENCE,Mickleton                   ,NJ,United States
1/4/09 20:11,Product1,1200,Mastercard,Fleur,Peoria                      ,IL,United States
1/2/09 20:09,Product1,1200,Mastercard,adam,Martin                      ,TN,United States
1/4/09 13:17,Product1,1200,Mastercard,Renee Elisabeth,Tel Aviv,Tel Aviv,Israel
1/4/09 14:11,Product1,1200,Visa,Aidan,Chatou,Ile-de-France,France
1/5/09 2:42,Product1,1200,Diners,Stacy,New York                    ,NY,United States
1/5/09 5:39,Product1,1200,Amex,Heidi,Eindhoven,Noord-Brabant,Netherlands
1/2/09 9:16,Product1,1200,Mastercard,Sean ,Shavano Park                ,TX,United States
1/5/09 10:08,Product1,1200,Visa,Georgia,Eagle                       ,ID,United States
1/2/09 14:18,Product1,1200,Visa,Richard,Riverside                   ,NJ,United States
1/4/09 1:05,Product1,1200,Diners,Leanne,Julianstown,Meath,Ireland
1/5/09 11:37,Product1,1200,Visa,Janet,Ottawa,Ontario,Canada
1/6/09 5:02,Product1,1200,Diners,barbara,Hyderabad,Andhra Pradesh,India
1/6/09 7:45,Product2,3600,Visa,Sabine,London,England,United Kingdom
1/2/09 7:35,Product1,1200,Diners,Hani,Salt Lake City              ,UT,United States
1/6/09 12:56,Product1,1200,Visa,Jeremy,Manchester,England,United Kingdom
1/1/09 11:05,Product1,1200,Diners,Janis,Ballynora,Cork,Ireland
1/5/09 4:10,Product1,1200,Mastercard,Nicola,Roodepoort,Gauteng,South Africa
1/6/09 7:18,Product1,1200,Visa,asuman,Chula Vista                 ,CA,United States
1/2/09 1:11,Product1,1200,Mastercard,Lena,Kuopio,Ita-Suomen Laani,Finland
1/1/09 2:24,Product1,1200,Visa,Lisa,Sugar Land                  ,TX,United States
1/7/09 8:08,Product1,1200,Diners,Bryan Kerrene,New York                    ,NY,United States
1/2/09 2:57,Product1,1200,Visa,chris,London,England,United Kingdom
1/1/09 20:21,Product1,1200,Visa,Maxine,Morton                      ,IL,United States
1/8/09 0:42,Product1,1200,Visa,Family,Los Gatos                   ,CA,United States
1/8/09 3:56,Product1,1200,Mastercard,Katherine,New York                    ,NY,United States
1/8/09 3:16,Product1,1200,Mastercard,Linda,Miami                       ,FL,United States
1/8/09 1:59,Product1,1200,Mastercard,SYLVIA,Vesenaz,Geneve,Switzerland
1/3/09 9:03,Product1,1200,Diners,Sheila,Brooklyn                    ,NY,United States
1/5/09 13:17,Product1,1200,Mastercard,Stephanie,Badhoevedorp,Noord-Holland,Netherlands
1/6/09 7:46,Product1,1200,Amex,Kelly,Reston                      ,VA,United States
1/5/09 20:00,Product2,3600,Visa,James,Burpengary,Queensland,Australia
1/8/09 16:24,Product1,1200,Visa,jennifer,Phoenix                     ,AZ,United States
1/9/09 6:39,Product1,1200,Mastercard,Anneli,Houston                     ,TX,United States
1/6/09 22:19,Product2,3600,Amex,Ritz,Pittsfield                  ,VT,United States
1/6/09 23:00,Product2,3600,Amex,Sylvia,Pittsfield                  ,VT,United States
1/7/09 7:44,Product1,1200,Mastercard,Marie,Ball Ground                 ,GA,United States
1/3/09 13:24,Product1,1200,Visa,Mehmet Fatih,Helsingor,Frederiksborg,Denmark
1/7/09 15:12,Product2,3600,Visa,Anabela,Flossmoor                   ,IL,United States
1/7/09 20:15,Product1,1200,Amex,Nicole,Houston                     ,TX,United States
1/3/09 10:11,Product2,3600,Visa,Christiane ,Delray Beach                ,FL,United States
1/9/09 15:58,Product1,1200,Mastercard,Sari,Newbury,England,United Kingdom
1/3/09 13:11,Product1,1200,Mastercard,simone,Kobenhavn,Kobenhavn,Denmark
1/10/09 12:57,Product1,1200,Amex,Vanessa,Sandy Springs               ,GA,United States
1/10/09 14:43,Product1,1200,Diners,Anupam,Kinsaley,Dublin,Ireland
1/10/09 12:05,Product1,1200,Visa,Karina,Fort Lauderdale             ,FL,United States
1/6/09 1:20,Product1,1200,Mastercard,Frank,Melbourne,Victoria,Australia
1/10/09 14:56,Product1,1200,Visa,Angela,Ankeny                      ,IA,United States
1/7/09 10:01,Product1,1200,Visa,Darren,Pittsboro                   ,NC,United States
1/1/09 1:26,Product1,1200,Mastercard,Nikki,New Rochelle                ,NY,United States
1/11/09 2:04,Product1,1200,Visa,chris,Gold Coast,Queensland,Australia
1/11/09 14:17,Product1,1200,Visa,Stephanie,Brussels,Brussels (Bruxelles),Belgium
1/10/09 21:38,Product1,1200,Visa,Anushka,Maple Ridge District Municipality,British Columbia,Canada
1/7/09 6:18,Product1,1200,Mastercard,June ,Beachwood                   ,OH,United States
1/4/09 8:39,Product2,3600,Diners,Baybars,Prince Albert,Saskatchewan,Canada
1/5/09 0:31,Product1,1200,Mastercard,Bonnie,Saltsjobaden,Stockholm,Sweden
1/2/09 6:07,Product1,1200,Visa,Cindy ,Kemble,England,United Kingdom
1/12/09 3:25,Product1,1200,Mastercard,chrissy,W Lebanon                   ,NH,United States
1/4/09 13:56,Product1,1200,Mastercard,Tamar,Headley,England,United Kingdom
1/7/09 0:12,Product2,3600,Mastercard,Deirdre,Lausanne,Vaud,Switzerland
1/12/09 5:18,Product1,1200,Mastercard,Bernadett,Southampton,England,United Kingdom
1/8/09 15:16,Product1,1200,Visa,Dottie,Woodsboro                   ,MD,United States
1/11/09 11:33,Product1,1200,Visa,Stefan,Stavanger,Rogaland,Norway
1/7/09 20:22,Product1,1200,Visa,Gina,Red Deer,Alberta,Canada
1/2/09 22:00,Product1,1200,Diners,Lynne,Memphis                     ,TN,United States
1/5/09 13:52,Product1,1200,Mastercard,Tammy,Morges,Vaud,Switzerland
1/8/09 20:32,Product1,1200,Visa,Kim,Calgary,Alberta,Canada
1/8/09 13:34,Product1,1200,Visa,Bruce,Belleville,Ontario,Canada
1/11/09 13:08,Product1,1200,Visa,Rosa Maria,Cincinnati                  ,OH,United States
1/12/09 19:04,Product1,1200,Visa,Lydia,Comox,British Columbia,Canada
1/12/09 13:41,Product1,1200,Visa,Eric,Gasperich,Luxembourg,Luxembourg
1/11/09 10:38,Product1,1200,Mastercard,AnaPaula,Helens Bay,Northern Ireland,United Kingdom
1/13/09 5:57,Product1,1200,Visa,Robin,Milan,Lombardy,Italy
1/13/09 6:13,Product1,1200,Visa,Gitte,Staten Island               ,NY,United States
1/8/09 13:14,Product1,1200,Visa,Dr. Claudia,Oslo,Oslo,Norway
1/2/09 11:41,Product1,1200,Visa,Crystal,Farmington,Michigan,United States
1/7/09 19:50,Product1,1200,Diners,Delphine,Santa Monica                ,CA,United States
1/1/09 20:28,Product1,1200,Visa,nathalie,Calgary,Alberta,Canada
1/3/09 15:22,Product1,1200,Mastercard,Lindi,Vancouver,British Columbia,Canada
1/12/09 3:03,Product2,3600,Mastercard,Valda,Irvine                      ,CA,United States
1/5/09 8:58,Product2,3600,Mastercard,Marcia,Telgte,Nordrhein-Westfalen,Germany
1/10/09 14:03,Product1,1200,Mastercard,Kevin,Cheltenham,England,United Kingdom
1/13/09 11:26,Product1,1200,Visa,Clare,Keller                      ,VA,United States
1/2/09 12:18,Product1,1200,Visa,Alice,Nakskov,Storstrom,Denmark
1/14/09 4:54,Product1,1200,Mastercard,ZENA,Honolulu                    ,HI,United States
1/6/09 17:15,Product1,1200,Visa,Andrea,Bubuieci,Chisinau,Moldova
1/3/09 13:56,Product1,1200,Visa,Rennae,Amelia Island               ,FL,United States
1/4/09 7:54,Product1,1200,Visa,Gerhard,Alliston,Ontario,Canada
1/12/09 7:28,Product1,1200,Amex,Megan,La Alberca,Murcia,Spain
1/6/09 15:15,Product1,1200,Mastercard,Danielle,Rathgar,Dublin,Ireland
1/13/09 23:56,Product1,1200,Mastercard,Tod,Coral Gables                ,FL,United States
1/14/09 19:32,Product1,1200,Visa,Janaina,Miami                       ,FL,United States
1/6/09 21:13,Product1,1200,Visa,Kofi,Vancouver,British Columbia,Canada
1/14/09 11:19,Product1,1200,Visa,Jennifer,Jumeira,Dubayy,United Arab Emirates
1/13/09 19:39,Product1,1200,Visa,Jolene ,Englewood                   ,CO,United States
1/8/09 7:26,Product1,1200,Mastercard,anne,Bournemouth,England,United Kingdom
1/15/09 2:40,Product1,1200,Mastercard,Alexis,Genoa                       ,IL,United States
1/12/09 6:40,Product1,1200,Visa,Dez,Al 'Adliyah,Al Manamah,Bahrain
1/15/09 3:43,Product1,1200,Visa,Stephanie,Rouen,Upper Normandy,France
1/5/09 15:39,Product1,1200,Visa,Melissa ,Parkland                    ,FL,United States
1/10/09 5:21,Product1,1200,Amex,CLARE,San Francisco               ,CA,United States
1/15/09 4:12,Product1,1200,Mastercard,catherine,Keller                      ,VA,United States
1/12/09 11:48,Product1,1200,Visa,Veronique ,Tsawwassen,British Columbia,Canada
1/6/09 10:48,Product1,1200,Mastercard,Bruce and Camille,Clinton                     ,NJ,United States
1/14/09 9:10,Product1,1200,Mastercard,Ellen,Owensboro                   ,KY,United States
1/14/09 22:44,Product1,1200,Visa,Amy,Lakewood Village            ,TX,United States
1/6/09 7:23,Product1,1200,Visa,Anna,Okotoks,Alberta,Canada
1/1/09 5:04,Product1,1200,Mastercard,Regina,Glimmen,Groningen,Netherlands
1/15/09 11:56,Product1,1200,Visa,Heidi,Calgary,Alberta,Canada
1/15/09 11:58,Product1,1200,Visa,Jessica,Kanata,Ontario,Canada
1/12/09 9:43,Product1,1200,Diners,Petra,Bergen,Nordrhein-Westfalen,Germany
1/15/09 12:33,Product1,1200,Visa,Brian,College Park                ,MD,United States
1/14/09 11:35,Product1,1200,Visa,Kenny,Kailua Kona                 ,HI,United States
1/14/09 15:40,Product1,1200,Amex,ayse,Redondo Beach               ,CA,United States
1/3/09 11:08,Product1,1200,Amex,Maria and Timothy,Fountain Hls                ,AZ,United States
1/12/09 1:37,Product1,1200,Visa,IMAN,Brisbane,Queensland,Australia
1/16/09 7:21,Product1,2100,Mastercard,Gerald,Mahopac                     ,NY,United States
1/15/09 12:54,Product1,1200,Mastercard,Annelies,Ile-Perrot,Quebec,Canada
1/7/09 7:19,Product1,1200,Amex,Jocelyn,Bruxelles,Brussels (Bruxelles),Belgium
1/3/09 9:56,Product1,1200,Visa,Kara,Chicago                     ,IL,United States
1/16/09 17:41,Product1,1200,Visa,Orsi,Rayford                     ,TX,United States
1/5/09 5:33,Product1,1200,Visa,Ben,Escondido                   ,CA,United States
1/2/09 0:50,Product1,1200,Visa,Sam,Tesvikiye,Istanbul,Turkey
1/13/09 1:51,Product1,1200,Visa,Filip and Teresa,Centurion,Gauteng,South Africa
1/15/09 10:24,Product1,1200,Visa,Grace ,York,England,United Kingdom
1/11/09 8:59,Product1,1200,Visa,Chelsey ,Ashburn                     ,VA,United States
1/15/09 15:56,Product1,1200,Amex,Charis,Los Angeles                 ,CA,United States
1/1/09 12:19,Product1,1200,Visa,Marlene,Edgewood                    ,WA,United States
1/6/09 14:03,Product1,1200,Visa,Fie,New York                    ,NY,United States
1/9/09 15:32,Product1,1200,Diners,Nicole ,Basingstoke,England,United Kingdom
1/17/09 12:59,Product1,1200,Diners,Linda,Den Haag,Zuid-Holland,Netherlands
1/12/09 12:37,Product1,1200,Visa,Janet,Marietta                    ,GA,United States
1/4/09 7:43,Product1,1200,Mastercard,Jamie,Houston                     ,TX,United States
1/17/09 16:22,Product1,1200,Visa,Chad,West Orange                 ,NJ,United States
1/1/09 3:51,Product1,1200,Mastercard,sunny,Amsterdam,Noord-Holland,Netherlands
1/18/09 5:27,Product1,1200,Visa,Anna,Downey                      ,CA,United States
1/18/09 5:15,Product1,1200,Diners,Roger,Urlingford,Kilkenny,Ireland
1/1/09 1:51,Product1,1200,Mastercard,Si,Holte,Kobenhavn,Denmark
1/18/09 6:30,Product1,1200,Visa,Sherri,Freienbach,Schwyz,Switzerland
1/11/09 10:51,Product1,1200,Mastercard,Katherine,Hofheim am Taunus,Hessen,Germany
1/4/09 17:02,Product1,1200,Mastercard,Clare,Lafayette                   ,CA,United States
1/17/09 1:23,Product1,1200,Amex,Campbell,Mushrif,,Kuwait
1/18/09 2:16,Product1,1200,Visa,Ruth,Nashville                   ,AR,United States
1/18/09 11:34,Product2,3600,Visa,Cheryl,New Malden,England,United Kingdom
1/18/09 4:38,Product1,1200,Visa,Doug,Bishop Auckland,England,United Kingdom
1/18/09 13:26,Product3,7500,Mastercard,Julianne,Navan,Meath,Ireland
1/18/09 11:53,Product1,1200,Visa,Shailesh,Joppa,MD,United States
1/18/09 12:04,Product1,1200,Visa,Conrad,Joppa,MD,United States
1/13/09 19:54,Product1,1200,Diners,Alison,Hampton                     ,NJ,United States
1/5/09 21:06,Product1,1200,Mastercard,Tracy,Louisville                  ,KY,United States
1/14/09 6:32,Product1,1200,Visa,Kate,Broadlands                  ,VA,United States
1/4/09 23:48,Product1,1200,Diners,Sarka,Yellowknife,Northwest Territories,Canada
1/18/09 16:32,Product2,3600,Visa,Therese,Los Angeles                 ,CA,United States
1/18/09 17:04,Product2,3600,Visa,Abdul-L,New York                    ,NY,United States
1/18/09 17:20,Product2,3600,Visa,heidi,Saint Paul                  ,MN,United States
1/18/09 17:39,Product2,3600,Visa,jiyoung,New York                    ,NY,United States
1/11/09 11:20,Product1,1200,Visa,Klara,Spring Lake Park            ,MN,United States
1/13/09 20:59,Product1,1200,Mastercard,Andrew,Winnipeg,Manitoba,Canada
1/12/09 16:50,Product1,1200,Visa,Vicki and Bill,Seattle                     ,WA,United States
1/12/09 15:12,Product1,1200,Mastercard,David,Deptford                    ,NJ,United States
1/6/09 12:27,Product1,1200,Mastercard,Antonella,Amsterdam,Noord-Holland,Netherlands
1/9/09 18:52,Product1,1200,Visa,David,Alpharetta                  ,GA,United States
1/18/09 23:17,Product1,1200,Visa,Greg,Washington                  ,DC,United States
1/7/09 8:21,Product1,1200,Visa,Jannik ,Holmenkollen,Oslo,Norway
1/3/09 9:54,Product1,1200,Visa,Sylvia,Zekeriyakoy,Istanbul,Turkey
1/5/09 19:37,Product1,1200,Amex,Bernadette,Washington                  ,DC,United States
1/4/09 12:49,Product1,1200,Diners,Denise,Montreal,Quebec,Canada
1/8/09 11:55,Product2,3600,Visa,Caren,Braunschweig,Lower Saxony,Germany
1/14/09 18:21,Product1,1200,Visa,luciana,Athens                      ,GA,United States
1/11/09 19:01,Product1,1200,Diners,Maja,Hoschton                    ,GA,United States
1/14/09 5:20,Product2,3600,Visa,Kristen,Binningen,Basel-Country,Switzerland
1/15/09 8:07,Product1,1200,Visa,Kirstie,Royal Oak                   ,MI,United States
1/15/09 8:10,Product1,1200,Visa,Scott ,Royal Oak                   ,MI,United States
1/2/09 17:45,Product1,1200,Mastercard,Jammie,Belmont                     ,MA,United States
1/19/09 16:10,Product1,1200,Mastercard,Frank,Old Greenwich               ,CT,United States
1/19/09 16:55,Product1,1200,Mastercard,scott,Coconut Grove               ,FL,United States
1/10/09 17:41,Product1,1200,Visa,Jiri,Vienna                      ,VA,United States
1/18/09 13:49,Product2,3600,Visa,Bev,San Ramon                   ,CA,United States
1/15/09 5:47,Product1,1200,Visa,Dave and Amy,Norfolk                     ,VA,United States
1/19/09 23:06,Product1,1200,Mastercard,Rebecca,Norfolk                     ,VA,United States
1/19/09 11:12,Product1,1200,Visa,Melissa,Aberdeen,Scotland,United Kingdom
1/4/09 1:38,Product1,1200,Amex,jeremy,Charlestown,New South Wales,Australia
1/20/09 3:11,Product1,1200,Visa,Randy,Wigan,England,United Kingdom
1/3/09 10:52,Product1,1200,Visa,Djeiny,Rockville                   ,MD,United States
1/20/09 5:24,Product3 ,7500,Mastercard,Amanda,Shreveport                  ,LA,United States
1/20/09 6:03,Product1,1200,Mastercard,Andrea ,Shreveport                  ,LA,United States
1/10/09 11:37,Product1,1200,Amex,Joanna,Little Silver               ,NJ,United States
1/20/09 5:50,Product1,1200,Visa,Jessica,Abbey Town,England,United Kingdom
1/19/09 16:32,Product1,1200,Amex,alison,Mid City West               ,PA,United States
1/18/09 10:42,Product1,1200,Visa,malin,Atlanta,Georgia,United States
1/7/09 6:11,Product2,3600,Visa,Tiffany ,Paris,Ile-de-France,France
1/3/09 8:29,Product1,1200,Visa,Genevieve,Milton Keynes,England,United Kingdom
1/1/09 2:09,Product1,1200,Mastercard,Saraya,Dresden,Saxony,Germany
1/20/09 12:34,Product1,1200,Mastercard,Anastasia,NYC                         ,NY,United States
1/20/09 3:51,Product1,1200,Visa,Elizabeth,The Grange,Queensland,Australia
1/15/09 11:26,Product1,1200,Visa,Nicole,Brookline                   ,MA,United States
1/5/09 16:55,Product1,1200,Visa,Jeffrey,Montreal-Nord,Quebec,Canada
1/12/09 19:47,Product1,1200,Mastercard,Blanca Gabriela ,Irving                      ,TX,United States
1/4/09 19:20,Product1,1200,Amex,Elisa,Ottawa Hills                ,OH,United States
1/10/09 8:33,Product2,3600,Mastercard,Patricia ,Portola Valley              ,CA,United States
1/9/09 14:51,Product1,1200,Visa,Bob,Sydney,New South Wales,Australia
1/16/09 2:41,Product3,7500,Visa,Kristyn,Kearns                      ,UT,United States
1/16/09 18:36,Product1,1200,Visa,Elizabeth,Wollongong,New South Wales,Australia
1/20/09 8:10,Product1,1200,Amex,Cathy,Brooklyn                    ,NY,United States
1/6/09 12:45,Product2,3600,Amex,Kaylee,Penngrove                   ,CA,United States
1/10/09 8:13,Product1,1200,Visa,suzanne,Lemont                      ,IL,United States
1/7/09 14:15,Product1,1200,Mastercard,Cassandra,San Carlos                  ,CA,United States
1/8/09 15:27,Product1,1200,Mastercard,Jennifer,Chicago                     ,IL,United States
1/21/09 11:36,Product1,1200,Visa,nicole,Oslo,Oslo,Norway
1/21/09 14:06,Product1,1200,Visa,Sean,Wantagh,NY,United States
1/2/09 2:28,Product1,1200,Mastercard,Morgan,Coomera,Queensland,Australia
1/19/09 19:07,Product1,1200,Diners,Harriet,Fort Oglethorpe             ,GA,United States
1/18/09 6:27,Product1,1200,Mastercard,Janine,Corbin City                 ,NJ,United States
1/20/09 11:58,Product1,1200,Mastercard,Debora,Lakeside                    ,CA,United States
1/20/09 16:32,Product1,1200,Visa,Vishpala,Margate                     ,FL,United States
1/1/09 7:09,Product1,1200,Amex,Emer,South Palm Beach            ,FL,United States
1/21/09 14:55,Product1,1200,Diners,john,New York                    ,NY,United States
1/7/09 22:29,Product1,1200,Mastercard,lailani,Anchorage                   ,AK,United States
1/11/09 22:22,Product2,3600,Visa,STEPHANIE,Mona Vale,New South Wales,Australia
1/21/09 14:25,Product1,1200,Visa,Tricia,Castricum,Noord-Holland,Netherlands
1/18/09 16:50,Product1,1200,Visa,Celina,North Brunswick             ,NJ,United States
1/21/09 12:08,Product2,3600,Visa,Rosemary,Jacksonville                ,FL,United States
1/22/09 6:41,Product1,1200,Visa,Patrick,Baytown                     ,TX,United States
1/12/09 9:23,Product1,1200,Mastercard,Jacob,Winter Haven                ,FL,United States
1/22/09 8:23,Product1,1200,Visa,elisabeth,Gonzaga Univ                ,WA,United States
1/3/09 6:41,Product2,3600,Visa,ayelet,Malmo,Skane,Sweden
1/1/09 12:20,Product2,3600,Visa,seemab,San Pawl tat-Targa, ,Malta
1/4/09 22:00,Product2,3600,Amex,Lucien,Wiesbaden,Hessen,Germany
1/21/09 2:15,Product1,1200,Visa,Kevin ,London,England,United Kingdom
1/1/09 14:22,Product1,1200,Mastercard,Liban,Stavanger,Rogaland,Norway
1/16/09 1:07,Product2,3600,Diners,Lesley,Cork,Cork,Ireland
1/20/09 8:51,Product1,1200,Visa,Marie,Winchester                  ,MA,United States
1/4/09 9:02,Product1,1200,Visa,Charlene,Calgary,Alberta,Canada
1/6/09 8:34,Product1,1200,Visa,Orit,Dallas                      ,TX,United States
1/8/09 4:16,Product1,1200,Visa,Alan,Malahide,Dublin,Ireland
1/23/09 3:33,Product2,3600,Mastercard,Anja Langer,Saint Paul                  ,MN,United States
1/6/09 4:18,Product1,1200,Visa,Lina,Edinburgh,Scotland,United Kingdom
1/23/09 3:30,Product1,1200,Amex,Larry,Naarden,Noord-Holland,Netherlands
1/10/09 4:04,Product1,1200,Visa,Jessica,Oldenburg,Lower Saxony,Germany
1/5/09 2:57,Product3,7500,Visa,Marion,Rennes,Brittany,France
1/21/09 14:15,Product1,1200,Amex,Eric,Ely                         ,NV,United States
1/21/09 6:39,Product1,1200,Amex,Miriane,Norfolk                     ,VA,United States
1/19/09 8:14,Product1,1200,Visa,Jeff,Houston                     ,TX,United States
1/23/09 8:00,Product1,1200,Diners,christina,Chepel,Budapest,Hungary
1/22/09 23:35,Product1,1200,Mastercard,Shannon,Buffalo Grove               ,IL,United States
1/14/09 3:09,Product1,1200,Mastercard,Angela,Newburgh,Scotland,United Kingdom
1/16/09 1:51,Product1,1200,Visa,Angela,Vienna,Vienna,Austria
1/1/09 6:29,Product1,1200,Mastercard,Elaine,Vicenza,Veneto,Italy
1/21/09 7:59,Product1,1200,Visa,Helen,Mechanics Grove             ,PA,United States
1/23/09 7:37,Product2,3600,Amex,Fatisha,Miami                       ,FL,United States
1/18/09 14:39,Product1,1200,Visa,Nina,Silver Spring               ,MD,United States
1/24/09 9:01,Product2,3600,Visa,Barbara,Kirriemuir,Scotland,United Kingdom
1/15/09 1:41,Product1,1200,Diners,Karen,Roquefort,Provence-Alpes-Cote d'Azur,France
1/17/09 7:23,Product1,1200,Visa,Georgina,Portland                    ,OR,United States
1/23/09 11:37,Product1,1200,Diners,Kellie,Staten Island               ,NY,United States
1/19/09 15:02,Product1,1200,Mastercard,Terry,San Antonio                 ,TX,United States
1/11/09 7:10,Product2,3600,Visa,LAURIE,Guildford,England,United Kingdom
1/10/09 3:28,Product1,1200,Visa,frauke,Horten,Vestfold,Norway
1/7/09 19:03,Product2,3600,Mastercard,Cindy,Englewood                   ,CO,United States
1/17/09 14:02,Product1,1200,Visa,Simone,San Antonio                 ,TX,United States
1/25/09 0:09,Product1,1200,Visa,Hilde ,Princeville                 ,HI,United States
1/9/09 14:27,Product1,1200,Visa,Leah,Castleknock,Dublin,Ireland
1/9/09 14:32,Product1,1200,Visa,Laine,Castleknock,Dublin,Ireland
1/11/09 15:59,Product1,1200,Visa,kirsten,Bishops Stortford,England,United Kingdom
1/6/09 14:38,Product2,3600,Mastercard,Elizabeth,Den Haag,Zuid-Holland,Netherlands
1/6/09 9:52,Product1,1200,Mastercard,Anna,Lafayette                   ,CA,United States
1/1/09 9:21,Product1,1200,Diners,Babs,Blackpool,England,United Kingdom
1/3/09 7:58,Product1,1200,Mastercard,Gerlinde,Hellerup,Kobenhavn,Denmark
1/11/09 11:36,Product1,1200,Mastercard,Hollyn,London,England,United Kingdom
1/13/09 14:53,Product1,1200,Visa,leiser,N Java                      ,NY,United States
1/1/09 10:06,Product2,3600,Mastercard,Irene,Munich,Bayern,Germany
1/16/09 5:07,Product1,1200,Amex,Lisa,Brulon,Pays de la Loire,France
1/6/09 16:37,Product1,1200,Visa,Ann,Austin                      ,TX,United States
1/18/09 17:21,Product1,1200,Mastercard,Nichol Jane,Midland Park                ,NJ,United States
1/13/09 15:18,Product1,1200,Amex,Beatriz,Centerport                  ,NY,United States
1/24/09 8:21,Product1,1200,Mastercard,corina,Neustift am Walde,Vienna,Austria
1/24/09 8:25,Product1,1200,Mastercard,manon,Neustift am Walde,Vienna,Austria
1/18/09 13:06,Product1,1200,Diners,Isabelle,Shorewood                   ,MN,United States
1/22/09 18:44,Product1,1200,Visa,Lynne,Southlake                   ,TX,United States
1/8/09 8:58,Product1,1200,Mastercard,Doug,Huntington                  ,NY,United States
1/4/09 9:54,Product1,1200,Mastercard,AMY,The Woodlands               ,TX,United States
1/13/09 20:22,Product1,1200,Visa,Kim,Kelowna,British Columbia,Canada
1/9/09 10:22,Product1,1200,Mastercard,HELIDA,White House                 ,TN,United States
1/5/09 12:28,Product1,1200,Visa,Cameron,Rungsted,Frederiksborg,Denmark
1/26/09 3:43,Product1,1200,Mastercard,Wendy,Lake Mahopac                ,NY,United States
1/26/09 3:49,Product2,3600,Mastercard,Jane,Biot,Provence-Alpes-Cote d'Azur,France
1/11/09 13:16,Product2,3600,Visa,shelby,Plantation                  ,FL,United States
1/22/09 15:32,Product1,1200,Mastercard,Tara,Killiney,Dublin,Ireland
1/9/09 14:25,Product1,1200,Amex,James,Guer,Brittany,France
1/21/09 11:28,Product1,800,Amex,Heloise ,Arlington                   ,VA,United States
1/1/09 14:19,Product1,1200,Mastercard,Gabriel,Three Hills,Alberta,Canada
1/26/09 4:30,Product1,1200,Visa,Jodie ,Great Falls,Virginia,United States
1/7/09 4:45,Product1,1200,Amex,Jeremy,London,England,United Kingdom
1/11/09 12:12,Product1,1200,Visa,Helga,Clontarf,Dublin,Ireland
1/26/09 10:24,Product1,1200,Visa,Eleanor,Vancouver,British Columbia,Canada
1/26/09 8:58,Product1,1200,Diners,Miss,London,England,United Kingdom
1/7/09 17:51,Product1,1200,Visa,Marie,Dickerson                   ,MD,United States
1/18/09 20:16,Product1,1200,Mastercard,Lisa,Princeton                   ,NJ,United States
1/13/09 9:51,Product1,1200,Mastercard,Priska,Calgary,Alberta,Canada
1/24/09 18:43,Product1,1200,Visa,Katrine,North Tustin                ,CA,United States
1/5/09 0:46,Product1,1200,Amex,Lisa,Gurgaon,Haryana,India
1/9/09 1:12,Product1,1200,Visa,Sabrina,Rambouillet,Ile-de-France,France
1/26/09 6:25,Product1,1200,Visa,prof,Gladwyne                    ,PA,United States
1/21/09 16:57,Product1,1200,Mastercard,KeithMichelle,Houston                     ,TX,United States
1/5/09 5:33,Product1,1200,Mastercard,Kim,London,England,United Kingdom
1/27/09 5:10,Product1,1200,Visa,anissa,Slough,England,United Kingdom
1/7/09 8:00,Product1,1200,Mastercard,john,Glan-Munchweiler,Rhineland-Palatinate,Germany
1/20/09 7:08,Product2,3600,Visa,Miye,Downingtown                 ,PA,United States
1/27/09 2:26,Product1,1200,Diners,Heidi,MT Pleasant                 ,TX,United States
1/5/09 6:14,Product1,1200,Mastercard,T,Veigy-Foncenex,Rhone-Alpes,France
1/13/09 8:11,Product2,3600,Visa,Daniele,Katy                        ,TX,United States
1/10/09 9:18,Product1,1200,Diners,luisa,Gorey, ,Jersey
1/8/09 18:52,Product1,1200,Visa,Nadine,Belgrade                    ,MT,United States
1/12/09 10:06,Product1,1200,Mastercard,Tina,Calgary,Alberta,Canada
1/1/09 19:25,Product1,1200,Diners,Damali,Toronto,Ontario,Canada
1/27/09 15:28,Product1,1200,Visa,Katherine,Corrales                    ,NM,United States
1/2/09 18:43,Product1,1200,Visa,Kathryn,Cork,Cork,Ireland
1/8/09 18:41,Product1,1200,Diners,Veronique,Tenafly                     ,NJ,United States
1/4/09 18:34,Product1,1200,Visa,Erica,Leesburg                    ,VA,United States
1/25/09 8:32,Product1,1200,Visa,L,Alcona,Ontario,Canada
1/23/09 22:19,Product1,1200,Mastercard,Diana,Kuala Lumpur,Kuala Lumpur,Malaysia
1/7/09 10:03,Product1,1200,Mastercard,Emma,Sydney,New South Wales,Australia
1/18/09 3:46,Product1,1200,Visa,Marina,Nerang,Queensland,Australia
1/28/09 0:40,Product1,1200,Mastercard,Natalie ,Bryceville                  ,FL,United States
1/2/09 15:18,Product1,1200,Diners,Brenda,Saffron Walden,England,United Kingdom
1/18/09 13:59,Product1,1200,Diners,Nita,Sutton,Dublin,Ireland
1/16/09 9:54,Product1,1200,Mastercard,Marian,Durban,KwaZulu-Natal,South Africa
1/28/09 7:07,Product1,1200,Visa,Kevin,Berkeswell,England,United Kingdom
1/28/09 7:31,Product1,1200,Visa,cari,Dryden                      ,VA,United States
1/18/09 12:32,Product1,1200,Visa,Cassandra,Santry,Dublin,Ireland
1/13/09 14:05,Product1,1200,Amex,Christof and Heidi,Barcelona,Catalonia,Spain
1/28/09 7:49,Product1,1200,Visa,Ina,Fayetteville                ,NC,United States
1/28/09 3:07,Product1,1200,Visa,Lisa,Anse Comeau,Quebec,Canada
1/12/09 15:16,Product1,1200,Visa,Camille and Carmen,Thorlakshofn, ,Iceland
1/6/09 11:17,Product2,3600,Visa,Trina,Overland                    ,KS,United States
1/23/09 9:49,Product1,1200,Visa,Ginger,King City,Ontario,Canada
1/24/09 4:01,Product1,1200,Visa,breon,Leighton Buzzard,England,United Kingdom
1/25/09 18:21,Product1,1200,Visa,Marion,Umea,Vasterbotten,Sweden
1/15/09 10:51,Product1,1200,Mastercard,Pia ,Sola,Rogaland,Norway
1/2/09 5:14,Product1,1200,Visa,Dr. Donald,Stockton-on-Tees,England,United Kingdom
1/9/09 10:35,Product2,3600,Visa,Jenna and Paul,Senatobia                   ,MS,United States
1/4/09 10:16,Product1,1200,Mastercard,Rebecca,Berlin,Berlin,Germany
1/2/09 12:16,Product1,1200,Mastercard,Monique,Waldorf                     ,MD,United States
1/28/09 12:31,Product1,1200,Diners,lilia ,Brooklyn                    ,NY,United States
1/14/09 12:07,Product1,1200,Mastercard,Lainey,Lakeville                   ,MN,United States
1/16/09 7:20,Product2,3600,Mastercard,Jag,Saint-Cergues,Rhone-Alpes,France
1/6/09 9:55,Product1,1200,Mastercard,Charlene ,Vancouver,British Columbia,Canada
1/7/09 12:55,Product1,1200,Amex,Fiona,Stamford                    ,CT,United States
1/19/09 12:14,Product1,1200,Mastercard,burt,Rathfarnham,Dublin,Ireland
1/13/09 15:19,Product2,3600,Visa,Maggie,Paris,Ile-de-France,France
1/18/09 8:56,Product1,1200,Mastercard,Stanford,Howell                      ,MI,United States
1/4/09 17:54,Product1,1200,Amex,ruth,Encinitas                   ,CA,United States
1/5/09 13:46,Product1,1200,Visa,Courtney,Atchison                    ,KS,United States
1/5/09 10:49,Product2,3600,Amex,Courtney,Mililani                    ,HI,United States
1/12/09 18:24,Product1,1200,Diners,Anthony,Victor                      ,NY,United States
1/18/09 4:01,Product1,1200,Visa,Eleanor,Fairbanks                   ,AK,United States
1/16/09 10:58,Product1,1200,Visa,GAIA,Soro,Vestsjalland,Denmark
1/13/09 8:20,Product1,1200,Mastercard,Zane,Warlingham,England,United Kingdom
1/12/09 1:42,Product1,1200,Mastercard,Beate,Hamburg,Hamburg,Germany
1/28/09 13:07,Product1,1200,Amex,BALA,Accokeek                    ,MD,United States
1/29/09 5:43,Product1,1200,Visa,Mrs,Sunnyvale                   ,CA,United States
1/29/09 5:30,Product1,1200,Diners,Vanessa,Ithaca                      ,NY,United States
1/13/09 18:08,Product1,1200,Amex,Amanda,Houston                     ,TX,United States
1/9/09 15:24,Product1,1200,Mastercard,alex ,Farmingtn Hls               ,MI,United States
1/23/09 15:33,Product1,1200,Mastercard,T,Brooklyn                    ,NY,United States
1/29/09 12:28,Product1,1200,Mastercard,Alva and Martin,Great Falls                 ,VA,United States
1/13/09 11:31,Product1,1200,Visa,Anett,Gosport,England,United Kingdom
1/29/09 10:09,Product2,3600,Mastercard,Jacqui,Scottsdale                  ,AZ,United States
1/29/09 15:08,Product1,1200,Visa,KERRY,Sunnyvale                   ,CA,United States
1/4/09 5:12,Product1,1200,Visa,DeeDee,Songnae-dong,Soul-t'ukpyolsi,South Korea
1/22/09 22:16,Product2,3600,Mastercard,leanne,Clyde Hill                  ,WA,United States
1/5/09 19:26,Product1,1200,Visa,katie,Ruschlikon,Zurich,Switzerland
1/11/09 12:22,Product1,1200,Visa,Marina,Minneapolis                 ,MN,United States
1/2/09 9:31,Product1,1200,Visa,camilla,Chicago                     ,IL,United States
1/5/09 11:21,Product1,1200,Visa,pirunkit,Petworth,England,United Kingdom
1/17/09 9:49,Product1,1200,Diners,Kathrin,Abu Dhabi,Abu Zaby,United Arab Emirates
1/28/09 1:38,Product1,1200,Mastercard,Kate,Stockholm,Stockholm,Sweden
1/19/09 10:32,Product1,1200,Mastercard,Maie,Queen Creek                 ,AZ,United States
1/26/09 12:05,Product1,1250,Mastercard,verena,Queen Creek                 ,AZ,United States
1/7/09 18:53,Product1,1200,Visa,Marie-Christine,Durham                      ,NC,United States
1/26/09 11:38,Product1,1200,Mastercard,Gabriella,Austin                      ,TX,United States
1/8/09 13:19,Product1,1200,Mastercard,valerie et nicolas,Glenn Dale                  ,MD,United States
1/11/09 14:56,Product1,1200,Visa,Nicole,Aardal,Sogn og Fjordane,Norway
1/30/09 20:36,Product1,1200,Visa,Renee,Edinburg                    ,TX,United States
1/1/09 8:09,Product1,1200,Mastercard,Nicole,South Melbourne,Victoria,Australia
1/17/09 11:09,Product1,1200,Mastercard,Joachim,Fortaleza,Ceara,Brazil
1/31/09 7:22,Product1,1200,Visa,Monica ,Weston                      ,CT,United States
1/31/09 9:12,Product1,1200,Visa,Nanci,Reading,England,United Kingdom
1/31/09 8:56,Product1,1200,Mastercard,Laura,Coconut Grove               ,FL,United States
1/31/09 9:00,Product1,1200,Visa,ciara and mike,London,England,United Kingdom
1/11/09 14:07,Product1,1200,Visa,Sarah,San Francisco               ,CA,United States
1/1/09 12:25,Product2,3600,Mastercard,Anne-line,Zug,Zug,Switzerland
1/31/09 11:14,Product2,3600,Mastercard,Ulrika,Scottsdale                  ,AZ,United States
1/2/09 9:57,Product1,1200,Amex,leigh,Potomac Falls               ,VA,United States
1/4/09 13:20,Product1,1200,Mastercard,Nuria,Superior                    ,CO,United States
1/22/09 12:32,Product1,1200,Mastercard,Tejal,London,England,United Kingdom
1/18/09 6:09,Product1,1200,Mastercard,Ignacio,Engleside                   ,VA,United States
1/8/09 0:04,Product1,1200,Visa,ZOE,New Plymouth City,Taranaki,New Zealand
1/24/09 7:14,Product1,1200,Mastercard,nihan,Roanoke                     ,VA,United States
1/24/09 11:05,Product1,1200,Visa,alan,Norcross                    ,GA,United States
1/6/09 15:12,Product1,1200,Amex,lydia,Sandy Plains                ,GA,United States
1/24/09 17:06,Product1,1200,Visa,Tracey,Saint Catharines,Ontario,Canada
1/3/09 9:58,Product1,1200,Visa,Anja,Gainesville                 ,VA,United States
1/9/09 16:35,Product1,1200,Diners,Jennifer,Nordstrand,Oslo,Norway
1/12/09 14:50,Product1,1200,Visa,Holly,Arlington                   ,MA,United States
1/7/09 13:49,Product1,1200,Diners,megan,West Hills                  ,CA,United States
1/9/09 19:41,Product1,1200,Mastercard,Tarah,San Jose                    ,CA,United States
1/26/09 4:53,Product1,1200,Visa,Gerardo,London,England,United Kingdom
1/23/09 21:41,Product1,1200,Visa,Joanne,Oak Park                    ,MI,United States
1/6/09 16:07,Product1,1200,Visa,Margaret,Terrell Hills               ,TX,United States
1/10/09 7:55,Product1,1200,Visa,Laura,Jumeira,Dubayy,United Arab Emirates
1/28/09 20:44,Product1,1200,Visa,Whitney,Falmouth                    ,VA,United States
1/9/09 3:38,Product1,1200,Visa,Ravinder,Lurgan,Northern Ireland,United Kingdom
1/19/09 8:52,Product1,1200,Visa,Pam,Richmond                    ,TX,United States
1/15/09 7:26,Product1,1200,Mastercard,Celina,Den Haag,Zuid-Holland,Netherlands
1/30/09 19:12,Product1,1200,Diners,Heather,Ooltewah                    ,TN,United States
1/5/09 12:41,Product1,1200,Mastercard,Kathryn,Pacific Beach               ,CA,United States
1/28/09 20:59,Product1,1200,Visa,Michele ,Austin                      ,TX,United States
1/10/09 21:36,Product1,1200,Visa,Craig,Seattle                     ,WA,United States
1/25/09 19:59,Product1,1200,Visa,Kim,Seattle                     ,WA,United States
1/7/09 8:03,Product1,1200,Amex,maria,Ottawa,Ontario,Canada
1/21/09 9:07,Product1,1200,Visa,Elaine,Vienna                      ,VA,United States
1/23/09 14:43,Product1,1200,Visa,Madison,Torbay,Auckland,New Zealand
1/5/09 13:07,Product1,1200,Visa,Amanda,Shenfield,England,United Kingdom
1/6/09 3:39,Product1,1200,Visa,Krista,Bergen,Hordaland,Norway
1/15/09 15:26,Product1,1200,Visa,Sarah,Bolton,England,United Kingdom
1/23/09 4:47,Product1,1200,Mastercard,Sarah,Sandymount,Dublin,Ireland
1/12/09 10:05,Product2,3600,Amex,Pamela,Bellinzona,Ticino,Switzerland
1/30/09 5:13,Product1,1200,Visa,Christine,Antwerpen,Antwerpen,Belgium
1/14/09 10:32,Product3,7500,Mastercard,Diana,Campinas,Sao Paulo,Brazil
1/12/09 8:13,Product1,1200,Amex,mary,Nacka,Stockholm,Sweden
1/27/09 8:11,Product1,1200,Visa,Helena,Fremont                     ,CA,United States
1/30/09 17:33,Product1,1200,Visa,nina,Warwick,Queensland,Australia
1/15/09 9:52,Product1,1200,Amex,Mark,Holmdel                     ,NJ,United States
1/13/09 11:54,Product1,1200,Visa,alice and rudolf,Baltimore                   ,MD,United States
1/21/09 11:00,Product1,1200,Visa,Costanza,Saggart,Dublin,Ireland
1/16/09 11:49,Product1,1200,Mastercard,Yoko,Andover                     ,MA,United States
1/1/09 9:35,Product1,1200,Mastercard,Barbara,La Crescenta                ,CA,United States
1/13/09 5:58,Product1,1200,Mastercard,Kit,Suwanee                     ,GA,United States
1/6/09 16:08,Product2,3600,Visa,cristina,Seattle                     ,WA,United States
1/5/09 10:25,Product1,1200,Amex,linda,Arlington                   ,VA,United States
1/4/09 21:08,Product1,1200,Mastercard,Christyna,Calgary,Alberta,Canada
1/12/09 20:43,Product1,1200,Visa,Alicja ,Kenmore                     ,WA,United States
1/17/09 3:22,Product1,1200,Visa,Rachel,Fresno                      ,CA,United States
1/18/09 11:17,Product1,1200,Amex,Rachel,Atascadero                  ,CA,United States
1/27/09 9:01,Product1,1200,Visa,Jan,Barcelona,Catalonia,Spain
1/8/09 8:11,Product1,1200,Diners,Karin,High Wycombe,England,United Kingdom
1/26/09 23:28,Product2,3600,Amex,ron ,Tsaritsyno,Moscow City,Russia
1/10/09 21:35,Product1,1200,Mastercard,Sharon,Ajax,Ontario,Canada
1/11/09 6:01,Product1,1200,Mastercard,Anna,New York                    ,NY,United States
1/19/09 14:53,Product1,1200,Mastercard,Laura,Fairfield                   ,IA,United States
1/22/09 7:14,Product1,1200,Visa,Yana,North Bay,Ontario,Canada
1/15/09 8:12,Product1,1200,Visa,Katherine,Marietta                    ,GA,United States
1/7/09 6:33,Product1,1200,Diners,Therese,Clontarf,Dublin,Ireland
1/12/09 8:05,Product1,1200,Amex,Francoise ,Danville                    ,PA,United States
1/28/09 13:03,Product2,3600,Amex,Elizabeth,Okotoks,Alberta,Canada
1/25/09 8:54,Product1,1200,Amex,Corinne,Anthem                      ,AZ,United States
1/5/09 10:08,Product1,1200,Visa,Ec,Clonmel,Tipperary,Ireland
1/5/09 19:29,Product1,1200,Visa,Carmen,Arlington                   ,VA,United States
1/7/09 19:06,Product2,3600,Amex,Brittany,Orlando                     ,FL,United States
1/23/09 11:33,Product1,1200,Mastercard,Sandrine,Walnut Creek                ,CA,United States
1/3/09 21:11,Product1,1200,Mastercard,asuncion ,Centennial                  ,CO,United States
1/11/09 17:28,Product1,1200,Visa,Sophie,Newtown                     ,CT,United States
1/21/09 20:18,Product1,1200,Amex,Henrietta,Vancouver,British Columbia,Canada
1/24/09 10:23,Product1,1200,Visa,DD,York,England,United Kingdom
1/7/09 14:55,Product1,1200,Visa,Jennifer,Drogheda,Louth,Ireland
1/29/09 10:38,Product1,1200,Visa,samuel,Saddle Brook                ,NJ,United States
1/8/09 14:04,Product1,1200,Amex,Angelina  Patrick,San Diego                   ,CA,United States
1/31/09 21:50,Product1,1200,Visa,Sven,Issaquah                    ,WA,United States
1/1/09 16:00,Product1,1200,Visa,Toni,Bolton,England,United Kingdom
1/30/09 13:13,Product1,1200,Visa,Patrick,Lexington                   ,MA,United States
1/27/09 16:50,Product1,1200,Visa,jason,Altadena                    ,CA,United States
1/30/09 7:42,Product1,250,Visa,Tabatha,Altadena                    ,CA,United States
1/17/09 15:48,Product2,3600,Visa,Aline,Davis                       ,CA,United States
1/12/09 11:40,Product2,3600,Visa,Debra,Toronto,Ontario,Canada
1/30/09 20:27,Product1,1200,Mastercard,Natasha,Pasadena                    ,CA,United States
1/27/09 18:35,Product1,1200,Mastercard,Melinda,Buffalo Grove               ,IL,United States
1/16/09 12:47,Product1,1200,Visa,Luc1nda,London,England,United Kingdom
1/2/09 2:50,Product1,1200,Visa,Kim,Newcastle,Wicklow,Ireland
1/21/09 5:39,Product1,1200,Amex,Britlyn ,Norwalk                     ,CT,United States
1/28/09 1:28,Product1,1200,Diners,Adam,Besancon,Franche-Comte,France
1/8/09 13:33,Product1,1200,Visa,Mimi,Monte-Carlo, ,Monaco
1/22/09 12:09,Product1,1200,Visa,Liann,Monaco, ,Monaco
1/20/09 8:23,Product1,1200,Mastercard,Sarah,Floyds Knobs                ,IN,United States
1/2/09 7:47,Product1,1200,Diners,Naseer,London,England,United Kingdom
1/11/09 4:55,Product1,1200,Amex,Caroline,Marietta                    ,GA,United States
1/23/09 7:47,Product1,1800,Amex,Karena,Marietta                    ,GA,United States
1/21/09 23:19,Product1,1200,Amex,janet,Hon                         ,HI,United States
1/11/09 4:29,Product3,7500,Visa,Hans,Knoxville                   ,TN,United States
1/11/09 4:39,Product1,1200,Visa,Sandra  Thierry  Zoe,Knoxville                   ,TN,United States
1/10/09 8:13,Product1,1200,Mastercard,Eleanor,Edinburgh,Scotland,United Kingdom
1/22/09 12:55,Product1,1200,Visa,Anna,Paris,Ile-de-France,France
1/17/09 15:00,Product1,1200,Visa,Cara ,Humble                      ,TX,United States
1/4/09 14:06,Product1,1200,Visa,carolien,Mashpee                     ,MA,United States
1/30/09 17:09,Product1,1200,Mastercard,Ana,Hong Kong, ,Hong Kong
1/20/09 5:01,Product1,1200,Visa,Patrick,Birmingham                  ,MI,United States
1/26/09 14:37,Product1,1200,Visa,Heidi,St Augustine                ,FL,United States
1/29/09 13:27,Product1,1200,Visa,Tom,Salt Lake City              ,UT,United States
1/12/09 10:33,Product1,1200,Amex,Justine,Seattle                     ,WA,United States
1/5/09 8:28,Product1,1200,Visa,isabel,Ruti,Zurich,Switzerland
1/25/09 16:11,Product3,7500,Visa,scott,Rogers                      ,AR,United States
1/25/09 20:44,Product1,1200,Visa,Fatima,Rogers                      ,AR,United States
1/26/09 11:36,Product1,1200,Visa,Judy,Dun Laoghaire,Dublin,Ireland
1/27/09 2:32,Product1,1200,Visa,Glenn,Perth,Scotland,United Kingdom
1/18/09 13:36,Product1,1200,Amex,Family in,London,England,United Kingdom
1/7/09 5:53,Product1,1200,Visa,Lauren,Gries,Rhineland-Palatinate,Germany
1/25/09 1:53,Product3,7500,Visa,Michael,Pietermaritzburg,KwaZulu-Natal,South Africa
1/18/09 11:42,Product1,1200,Visa,Jodi,Sutton Valence,England,United Kingdom
1/13/09 1:46,Product1,1200,Mastercard,simone,Lyngby,Kobenhavn,Denmark
1/2/09 15:57,Product1,1200,Diners,Sonja,Alpine                      ,NJ,United States
1/25/09 8:50,Product1,1200,Mastercard,Shane,Zurich,Zurich,Switzerland
1/14/09 8:16,Product2,3600,Amex,Ruth,Saskatoon,Saskatchewan,Canada
1/27/09 11:21,Product1,1200,Mastercard,Cleo,Pacific Palisades           ,CA,United States
1/8/09 10:13,Product1,1200,Diners,Benoit,Fort Saint James,British Columbia,Canada
1/5/09 7:47,Product1,1200,Amex,Claire,Versoix,Geneve,Switzerland
1/22/09 9:00,Product1,1200,Visa,Claire,Trumansburg                 ,NY,United States
1/25/09 12:59,Product1,1200,Visa,Lindsey,Kennett Square              ,PA,United States
1/10/09 19:28,Product2,3600,Visa,Nicola,San Jose                    ,CA,United States
1/8/09 19:29,Product2,3600,Mastercard,PATRICK,Ban Khlong Sip,Krung Thep,Thailand
1/8/09 12:04,Product1,1200,Visa,jennifer,Morro Bay                   ,CA,United States
1/4/09 16:59,Product1,1200,Visa,Amy,Parramatta,New South Wales,Australia
1/30/09 11:56,Product1,1200,Mastercard,Whitney,Dumbleton,England,United Kingdom
1/6/09 5:10,Product1,1200,Visa,Astrid,Altlengbach,Lower Austria,Austria
1/14/09 3:39,Product1,1200,Visa,jo,Ballincollig,Cork,Ireland
1/14/09 3:47,Product1,1200,Visa,Michelle,Ballincollig,Cork,Ireland
1/19/09 3:19,Product1,1200,Mastercard,TG,Zagore,Stara Zagora,Bulgaria
1/7/09 1:42,Product1,1200,Mastercard,Emily,Vecmilgravis,Riga,Latvia
1/7/09 13:01,Product2,3600,Visa,Niki,Trelex,Vaud,Switzerland
1/27/09 2:35,Product1,1200,Visa,Sarah,Ornex,Rhone-Alpes,France
1/3/09 14:14,Product1,1200,Visa,sherry,Las Vegas                   ,NV,United States
1/22/09 12:37,Product2,3600,Amex,Laura,San Anselmo                 ,CA,United States
1/29/09 6:49,Product1,1200,Mastercard,Carmela,Hannover,Lower Saxony,Germany
1/6/09 9:45,Product1,1200,Diners,Matt,N Woodmere                  ,NY,United States
1/12/09 11:16,Product1,1200,Visa,Karen,Madrid,Madrid,Spain
1/13/09 13:49,Product1,1200,Visa,Joanne,Castlebar,Mayo,Ireland
1/12/09 7:23,Product1,1200,Visa,Stephanie,Fairfax                     ,CA,United States
1/30/09 4:48,Product1,1200,Visa,Hurst,Chandler                    ,AZ,United States
1/22/09 16:29,Product1,1200,Visa,Liza,Dammeron Valley             ,UT,United States
1/27/09 6:26,Product1,1200,Mastercard,Michele,Buffalo                     ,NY,United States
1/15/09 10:16,Product3,7500,Visa,Karin,Olive Branch                ,MS,United States
1/19/09 18:54,Product1,1200,Amex,cath,Warwick                     ,NY,United States
1/2/09 22:44,Product2,3600,Visa,eva,Gisborne,Victoria,Australia
1/1/09 18:32,Product1,1200,Amex,Andrea ,San Mateo                   ,CA,United States
1/14/09 1:28,Product1,1200,Mastercard,Sabine,Milton Keynes,England,United Kingdom
1/20/09 8:08,Product1,1200,Mastercard,Aideen and Jonathan,Kecskemet,Bacs-Kiskun,Hungary
1/29/09 2:48,Product1,1200,Visa,George,Nakskov,Storstrom,Denmark
1/24/09 18:02,Product1,1200,Visa,Helen,Aloma                       ,FL,United States
1/7/09 8:26,Product1,1200,Diners,C,Chandler                    ,AZ,United States
1/24/09 3:36,Product1,1200,Visa,chris,Kjobenhavn,Staden Kobenhavn,Denmark
1/5/09 15:23,Product1,1200,Visa,maggie,Stockton,England,United Kingdom
1/25/09 16:17,Product1,1200,Amex,Mareike,Cumming                     ,GA,United States
1/15/09 10:37,Product1,1200,Visa,lamia,Little Compton              ,RI,United States
1/20/09 15:28,Product1,1200,Visa,Madhu,Centennial                  ,CO,United States
1/28/09 18:00,Product1,"13,000",Visa,sandhya,Centennial                  ,CO,United States
1/29/09 5:06,Product1,1200,Amex,Kimberly,Herndon                     ,VA,United States
1/6/09 18:53,Product1,1200,Visa,Tania,Vista                       ,CA,United States
1/21/09 6:55,Product1,1200,Visa,andrea,Oostburg                    ,WI,United States
1/26/09 20:18,Product1,1200,Mastercard,John,Griffith,New South Wales,Australia
1/25/09 17:58,Product2,3600,Visa,carol,Ann Arbor                   ,MI,United States
1/9/09 14:37,Product1,1200,Visa,Nona,South Jordan                ,UT,United States
1/25/09 2:46,Product2,3600,Visa,Family,Dubai,Dubayy,United Arab Emirates
1/17/09 20:46,Product2,3600,Visa,Michelle,Dubai,Dubayy,United Arab Emirates
1/24/09 7:18,Product2,3600,Visa,Kathryn,Kirriemuir,Scotland,United Kingdom
1/11/09 7:09,Product1,1200,Visa,Oswald,Tramore,Waterford,Ireland
1/8/09 4:15,Product1,1200,Visa,Elyssa,Gdansk,Pomorskie,Poland
1/22/09 10:47,Product1,1200,Visa,michelle,Arklow,Wicklow,Ireland
1/26/09 20:47,Product1,1200,Mastercard,Alicia,Lincoln                     ,NE,United States
1/12/09 12:22,Product1,1200,Mastercard,JP,Tierp,Uppsala,Sweden
1/26/09 1:44,Product2,3600,Visa,Geraldine,Brussels,Brussels (Bruxelles),Belgium
1/18/09 12:57,Product1,1200,Mastercard,sandra,Burr Oak                    ,IA,United States
1/24/09 21:26,Product1,1200,Visa,Olivia,Wheaton                     ,IL,United States
1/26/09 12:26,Product2,3600,Mastercard,Tom,Killeen                     ,TX,United States
1/5/09 7:37,Product1,1200,Visa,Annette ,Manhattan                   ,NY,United States
1/14/09 12:33,Product1,1200,Visa,SUSAN,Oxford,England,United Kingdom
1/14/09 0:15,Product2,3600,Visa,Michael,Paris,Ile-de-France,France
1/1/09 12:42,Product1,1200,Visa,ashton,Exeter,England,United Kingdom
1/6/09 6:07,Product1,1200,Visa,Scott,Rungsted,Frederiksborg,Denmark
1/15/09 5:11,Product2,3600,Visa,Pam,London,England,United Kingdom
1/17/09 4:03,Product1,1200,Visa,Lisa ,Borja,Bohol,Philippines
1/19/09 10:13,Product2,3600,Mastercard,Pavel,London,England,United Kingdom
1/18/09 9:42,Product1,1200,Visa,Richard,Jamestown                   ,RI,United States
1/9/09 11:14,Product1,1200,Visa,Jasinta Jeanne,Owings Mills                ,MD,United States
1/10/09 13:42,Product1,1200,Visa,Rachel,Hamilton,Ontario,Canada
1/7/09 7:28,Product1,1200,Amex,Cherish ,Anchorage                   ,AK,United States
1/18/09 6:46,Product1,1200,Visa,Shona ,Mornington,Meath,Ireland
1/30/09 12:18,Product1,1200,Mastercard,Abikay,Fullerton                   ,CA,United States
1/6/09 5:42,Product1,1200,Amex,Abikay,Atlanta                     ,GA,United States
1/2/09 10:58,Product2,3600,Visa,Kendra,Toronto,Ontario,Canada
1/8/09 3:29,Product1,1200,Visa,amanda,Liverpool,England,United Kingdom
1/12/09 13:23,Product2,3600,Amex,Leila,Ponte San Nicolo,Veneto,Italy
1/19/09 9:34,Product1,1200,Amex,amanda,Las Vegas                   ,NV,United States
1/9/09 7:49,Product1,1200,Visa,Stacy,Rochester Hills             ,MI,United States
1/15/09 5:27,Product2,3600,Visa,Derrick,North Bay,Ontario,Canada
1/8/09 23:40,Product1,1200,Visa,Jacob,Lindfield,New South Wales,Australia
1/27/09 11:02,Product1,1200,Mastercard,DOREEN,Madrid,Madrid,Spain
1/14/09 13:23,Product1,1200,Diners,eugenia,Wisconsin Rapids            ,WI,United States
1/7/09 20:01,Product1,1200,Visa,Karen,Austin                      ,TX,United States
1/20/09 12:32,Product1,1200,Visa,Bea,Chicago                     ,IL,United States
1/6/09 14:35,Product1,1200,Diners,Hilde Karin,Las Vegas                   ,NV,United States
1/4/09 6:51,Product1,1200,Visa,Rima,Mullingar,Westmeath,Ireland
1/24/09 18:30,Product1,1200,Visa,Ruangrote,Melbourne,Victoria,Australia
1/25/09 5:57,Product1,1200,Amex,pamela,Ayacucho,Buenos Aires,Argentina
1/5/09 10:02,Product2,3600,Visa,Emillie,Eagan                       ,MN,United States
1/13/09 9:14,Product1,1200,Visa,sangeeta,Vossevangen,Hordaland,Norway
1/22/09 7:35,Product1,1200,Visa,Anja,Ferney-Voltaire,Rhone-Alpes,France
1/2/09 11:06,Product1,1200,Mastercard,Andrew,Sevilla,Andalucia,Spain
1/11/09 9:50,Product1,1200,Visa,Bato,Munchengosserstadt,Thuringia,Germany
1/21/09 20:44,Product1,1200,Mastercard,Ailsa ,Lindenhurst                 ,NY,United States
1/5/09 9:09,Product1,1200,Visa,Sophie,Bloomfield                  ,MI,United States
1/5/09 12:41,Product1,1200,Visa,Katrin,Calgary,Alberta,Canada
1/28/09 12:54,Product2,3600,Mastercard,Kelly ,Vancouver,British Columbia,Canada
1/21/09 4:46,Product1,1200,Visa,Tomasz,Klampenborg,Kobenhavn,Denmark
1/7/09 13:28,Product1,1200,Visa,Elizabeth,Calne,England,United Kingdom
1/27/09 11:18,Product2,3600,Amex,Michael,Los Angeles                 ,CA,United States
1/7/09 12:39,Product2,3600,Visa,Natasha,Milano,Lombardy,Italy
1/24/09 13:54,Product2,3600,Mastercard,Meredith,Kloten,Zurich,Switzerland
1/30/09 6:48,Product1,1200,Mastercard,Nicole,Fayetteville                ,NC,United States
1/22/09 18:07,Product1,1200,Visa,Ryan,Simpsonville                ,SC,United States
1/29/09 15:03,Product1,1200,Visa,Mary ,Auckland,Auckland,New Zealand
1/2/09 14:14,Product1,1200,Diners,Aaron,Reading,England,United Kingdom
1/19/09 11:05,Product1,1200,Visa,Bertrand,North Caldwell              ,NJ,United States
1/28/09 16:17,Product1,1200,Mastercard,Zoe,Coventry,England,United Kingdom
1/8/09 12:46,Product1,1200,Mastercard,Trine Marie,Orillia,Ontario,Canada
1/29/09 16:07,Product1,1200,Diners,Kim,Paris,Ile-de-France,France
1/29/09 13:41,Product1,1200,Visa,John ,San Jose                    ,CA,United States
1/8/09 6:29,Product1,1200,Visa,Rich,Ingelheim-Mitte,Rhineland-Palatinate,Germany
1/4/09 12:53,Product1,1200,Diners,Kayla,Leamington Spa,England,United Kingdom
1/14/09 12:55,Product1,1200,Visa,Richard and Comfort,Regensdorf,Zurich,Switzerland
1/14/09 6:35,Product1,1200,Visa,Eric,Melbourne,Victoria,Australia
1/27/09 13:08,Product1,1200,Mastercard,Melissa,Geneve,Geneve,Switzerland
1/31/09 23:09,Product1,1200,Diners,Dawn,Vaucluse,New South Wales,Australia
1/21/09 14:34,Product1,1200,Mastercard,Tamara,Klosterneuburg,Lower Austria,Austria
1/16/09 8:28,Product1,1200,Visa,Ashley,Rancho Cordova              ,CA,United States
1/11/09 9:55,Product1,1200,Visa,familly ,Creemore,Ontario,Canada
1/8/09 2:46,Product1,1200,Mastercard,Ken,Sidcup,England,United Kingdom
1/26/09 7:11,Product1,1200,Visa,Tori,Minneapolis                 ,MN,United States
1/31/09 5:39,Product2,3600,Mastercard,Hanne,Phoenix                     ,MD,United States
1/9/09 8:35,Product1,1200,Amex,Precious,Edmonton,Alberta,Canada
1/24/09 3:25,Product1,1200,Visa,Michelle,Lyndoch,South Australia,Australia
1/26/09 8:45,Product1,1200,Visa,Paula,Larchmont                   ,NY,United States
1/23/09 10:45,Product1,1200,Visa,Stephanie,Saint Charles               ,IL,United States
1/28/09 8:50,Product1,1200,Visa,kemp,Brentwood                   ,TN,United States
1/15/09 19:10,Product2,3600,Diners,Therese,Pensacola                   ,FL,United States
1/9/09 20:25,Product1,1200,Diners,Mona,Kelowna,British Columbia,Canada
1/15/09 21:53,Product1,1200,Visa,Caroline,Toronto,Ontario,Canada
1/12/09 0:17,Product1,1200,Mastercard,Andrea,Brondby Strand,Kobenhavn,Denmark
1/25/09 10:32,Product1,1200,Mastercard,Pilar,Florence,Tuscany,Italy
1/12/09 23:35,Product1,1200,Visa,Lisa,Perth,Western Australia,Australia
1/11/09 6:09,Product1,1200,Amex,A,Saint Petersburg            ,FL,United States
1/3/09 13:35,Product1,1200,Mastercard,Yvette,Aubonne,Vaud,Switzerland
1/18/09 11:03,Product2,3600,Amex,Katie,Gava,Catalonia,Spain
1/5/09 18:55,Product1,1200,Visa,Nicole,Mc Lean                     ,VA,United States
1/2/09 18:54,Product1,1200,Mastercard,Kelly,Hendersonville              ,TN,United States
1/13/09 14:44,Product2,3600,Visa,george,Zurich,Zurich,Switzerland
1/4/09 4:05,Product1,1200,Mastercard,Samantha,Watford,England,United Kingdom
1/27/09 12:47,Product1,1200,Visa,Caterina,Amsterdam,Noord-Holland,Netherlands
1/22/09 6:51,Product1,1200,Visa,Kate,Rochester Hills             ,MI,United States
1/1/09 21:40,Product1,1200,Mastercard,Tina,Anglesea,Victoria,Australia
1/27/09 18:06,Product1,1200,Visa,Emily,Killarney,New Providence,The Bahamas
1/10/09 14:59,Product1,1200,Amex,Maricel,Malibu                      ,CA,United States
1/26/09 15:42,Product1,1200,Visa,Patricia,Allen                       ,TX,United States
1/12/09 14:37,Product1,1200,Mastercard,steve,Evires,Rhone-Alpes,France
1/16/09 7:58,Product1,1200,Amex,Darrah,Den Haag,Zuid-Holland,Netherlands
1/22/09 14:32,Product1,1200,Visa,Sara,Perth City,Western Australia,Australia
1/19/09 6:50,Product1,1200,Visa,Erika,Redruth,England,United Kingdom
1/24/09 11:54,Product1,1200,Visa,Audrey,Bruxelles,Brussels (Bruxelles),Belgium
1/13/09 13:36,Product1,1200,Visa,Louise,London,England,United Kingdom
1/13/09 11:56,Product1,1200,Diners,Karen,Montreal,Quebec,Canada
1/19/09 7:49,Product1,1200,Amex,Maki,Miami Beach                 ,FL,United States
1/10/09 7:37,Product1,1200,Visa,Peter,Shankill,Dublin,Ireland
1/20/09 5:53,Product1,1200,Diners,Ashlee,Oxford,England,United Kingdom
1/6/09 10:34,Product1,1200,Mastercard,Anja,New York                    ,NY,United States
1/23/09 5:14,Product1,1200,Visa,Ellen Walton ,Melbourne,Victoria,Australia
1/14/09 16:02,Product1,1200,Mastercard,Jessica,Woodland Hills              ,CA,United States
1/14/09 18:05,Product1,1200,Visa,Wouter and Andrea,Anchorage                   ,AK,United States
1/8/09 20:52,Product1,1200,Visa,Pam and Rob,Yorba Linda                 ,CA,United States
1/7/09 13:57,Product1,1200,Visa,Elsa,Waiwera,Auckland,New Zealand
1/25/09 10:34,Product1,1200,Amex,kathleen kane,Jamaica Plain               ,MA,United States
1/28/09 4:35,Product1,1200,Diners,Selene,Oslo,Oslo,Norway
1/19/09 3:25,Product1,1200,Visa,Christy,Setagaya,Tokyo,Japan
1/18/09 0:41,Product2,3600,Visa,Hanna Agla,Donauworth,Bayern,Germany
1/27/09 2:38,Product1,1200,Visa,Elyse,Bandon,Cork,Ireland
1/16/09 6:04,Product1,1200,Mastercard,Alexis,Ehingen an der Donau,Baden-Wurttemberg,Germany
1/5/09 5:30,Product1,1200,Visa,M George,Paris,Ile-de-France,France
1/9/09 14:55,Product1,1200,Visa,John,Banbury,England,United Kingdom
1/29/09 10:07,Product1,1200,Visa,cheryl,Beverly Hills               ,CA,United States
1/27/09 3:55,Product1,1200,Amex,R,Danderyd,Stockholm,Sweden
1/25/09 12:35,Product2,3600,Visa,Charlene ,Sebastopol                  ,CA,United States
1/3/09 16:56,Product1,1200,Visa,Cindy,Glendora                    ,CA,United States
1/12/09 12:04,Product1,1200,Visa,Ed,Nacka,Stockholm,Sweden
1/27/09 3:19,Product1,1200,Mastercard,Astrid,Canterbury,England,United Kingdom
1/24/09 9:30,Product1,1200,Visa,Nicole,Neuchatel,Neuchatel,Switzerland
1/25/09 18:33,Product1,1200,Visa,Maria Macarena,Billings                    ,MT,United States
1/15/09 11:43,Product1,1200,Visa,Maggie,Libertyville                ,IL,United States
1/23/09 16:30,Product2,3600,Amex,Christophe,Temecula                    ,CA,United States
1/5/09 12:57,Product1,1200,Diners,Manoj,Boise                       ,ID,United States
1/29/09 16:52,Product1,1200,Visa,Brenda,Rock Hill                   ,SC,United States
1/10/09 0:04,Product1,1200,Mastercard,Lizelle ,Mililani                    ,HI,United States
1/3/09 14:17,Product2,3600,Visa,Kees en Valesca,Scamander,Tasmania,Australia
1/15/09 9:00,Product1,1200,Visa,Cormac,Freeport City,Freeport,The Bahamas
1/24/09 20:58,Product1,1200,Visa,jacqueline,North Vancouver,British Columbia,Canada
1/10/09 11:53,Product1,1200,Visa,Martin,Ludwigsburg,Baden-Wurttemberg,Germany
1/4/09 17:34,Product1,1200,Mastercard,Dean,Rockingham,Western Australia,Australia
1/28/09 0:22,Product1,1200,Visa,VERBENA,Basel,Basel-Town,Switzerland
1/17/09 1:49,Product1,1200,Mastercard,Angel Marie,Den Haag,Zuid-Holland,Netherlands
1/25/09 17:48,Product1,1200,Visa,olla,Westminster                 ,CO,United States
1/22/09 5:39,Product2,3600,Visa,Eman,Penclawdd,Wales,United Kingdom
1/19/09 15:40,Product2,3600,Visa,Julia,Ede,Gelderland,Netherlands
1/21/09 23:52,Product1,1200,Visa,Sarah,Plan-les-Ouattes,Geneve,Switzerland
1/19/09 13:15,Product1,1200,Visa,Esther,Stocksund,Stockholm,Sweden
1/16/09 7:35,Product1,1200,Diners,amy,Stuttgart,Baden-Wurttemberg,Germany
1/22/09 9:48,Product2,3600,Mastercard,Jyoti,Tunbridge Wells,England,United Kingdom
1/18/09 12:05,Product2,3600,Visa,Keri,Issaquah                    ,WA,United States
1/4/09 10:44,Product1,1200,Diners,Paul,Burnaby,British Columbia,Canada
1/20/09 14:55,Product1,1200,Mastercard,Attie,Cypress                     ,CA,United States
1/2/09 18:41,Product1,1200,Visa,odile,Lititz                      ,PA,United States
1/2/09 7:03,Product1,1200,Visa,gail ,London,England,United Kingdom
1/21/09 7:19,Product1,1200,Visa,Niki,Chadds Ford                 ,PA,United States
1/11/09 17:52,Product2,3600,Visa,Danny,St Thomas                   ,VI,United States
1/16/09 17:56,Product1,1200,Mastercard,Sarah,Coppell                     ,TX,United States
1/9/09 20:00,Product1,1200,Visa,Beckie ,Ladera Ranch                ,CA,United States
1/13/09 2:47,Product1,1200,Visa,Maryse,Rathfarnham,Dublin,Ireland
1/19/09 4:23,Product2,3600,Mastercard,don,Cagliari,Sardinia,Italy
1/13/09 12:51,Product1,1200,Visa,Majken,Charlottenlund,Kobenhavn,Denmark
1/29/09 7:40,Product1,1200,Amex,Karen and Andrew,Munchen,Bayern,Germany
1/21/09 4:34,Product1,1200,Visa,Katerina,Firenze,Tuscany,Italy
1/7/09 13:28,Product1,1200,Mastercard,Mary,Baile Atha Bui,Meath,Ireland
1/26/09 16:47,Product1,1200,Visa,Oscar,Chamonix-Mont-Blanc,Rhone-Alpes,France
1/29/09 1:01,Product1,1200,Diners,Suejean,Gingins,Vaud,Switzerland
1/25/09 12:55,Product1,1200,Amex,ann,Boca Raton                  ,FL,United States
1/24/09 13:35,Product1,1200,Visa,Renee,Chaska                      ,MN,United States
1/28/09 13:30,Product1,1200,Visa,Catherine,Hghlnds Ranch               ,CO,United States
1/20/09 19:08,Product1,1200,Amex,Rhonda,Atlanta                     ,GA,United States
1/29/09 17:13,Product1,1200,Amex,alix,Tenafly                     ,NJ,United States
1/2/09 5:33,Product1,1200,Visa,Mike,Aberdeen,Scotland,United Kingdom
1/31/09 11:03,Product1,1200,Visa,Diane,Djurgarden,Stockholm,Sweden
1/13/09 9:16,Product1,1200,Visa,Sigrun,Nashville                   ,TN,United States
1/19/09 12:38,Product1,1200,Visa,Dania,Munich,Bayern,Germany
1/18/09 12:14,Product2,3600,Mastercard,Kelsi,Utrecht,Utrecht,Netherlands
1/22/09 10:59,Product1,1200,Visa,Maria,Boyceville                  ,WI,United States
1/14/09 7:30,Product1,1200,Visa,Bent Erik,Basauri,Pais Vasco,Spain
1/19/09 1:52,Product1,1200,Amex,Kirsten,Melbourne,Victoria,Australia
1/8/09 23:00,Product1,1200,Visa,Dickson,Kemerburgaz,Istanbul,Turkey
1/25/09 7:29,Product1,1200,Diners,Howard,Worcester,England,United Kingdom
1/17/09 15:19,Product1,1200,Visa,Dana,Thurles,Tipperary,Ireland
1/23/09 12:23,Product1,1200,Mastercard,Nola,Den Haag,Zuid-Holland,Netherlands
1/24/09 8:45,Product1,1200,Visa,Elizabeth,Cos Cob                     ,CT,United States
1/27/09 3:45,Product2,3600,Visa,minjeong,Bern,Bern,Switzerland
1/29/09 23:48,Product1,1200,Visa,Matt,Leicester,England,United Kingdom
1/3/09 18:43,Product1,1200,Visa,Vanessa,Cornwall,Ontario,Canada
1/24/09 17:18,Product2,3600,Visa,Charlotte,Sterling                    ,VA,United States
1/2/09 15:13,Product1,1200,Visa,Rowena,Cork,Cork,Ireland
1/8/09 10:44,Product1,1200,Visa,Catherine,Mount Forest,Ontario,Canada
1/29/09 8:13,Product1,1200,Mastercard,Sarah,Ridgefield                  ,CT,United States
1/24/09 10:26,Product1,1200,Visa,sorcha,Porto Alegre,Rio Grande do Sul,Brazil
1/24/09 12:56,Product1,1200,Visa,sorcha,Cartierville,Quebec,Canada
1/7/09 13:38,Product1,1200,Mastercard,Mary,Stuttgart,Baden-Wurttemberg,Germany
1/23/09 15:38,Product1,1200,Visa,Ronja,Manhattan                   ,NY,United States
1/26/09 14:43,Product1,1200,Visa,Nicola ,Sneem,Kerry,Ireland
1/17/09 20:33,Product1,1200,Amex,BURCAK,Alpharetta                  ,GA,United States
1/5/09 9:15,Product1,1200,Visa,isabelle,Sainte-Therese-de-Blainville,Quebec,Canada
1/20/09 8:16,Product1,1200,Mastercard,christy,Germantown                  ,TN,United States
1/29/09 12:46,Product1,1200,Visa,Lilly,Castleknock,Dublin,Ireland
1/15/09 18:12,Product1,1200,Diners,Mandy,Hono                        ,HI,United States
1/23/09 13:55,Product1,1200,Mastercard,Elena,New Rochelle                ,NY,United States
1/26/09 10:26,Product1,1200,Visa,Lolarae,Calgary,Alberta,Canada
1/12/09 11:48,Product1,1200,Mastercard,Lisa,South Waterford             ,ME,United States
1/29/09 15:20,Product1,1200,Mastercard,Nita and Trebor,Washington Township         ,OH,United States
1/28/09 7:26,Product1,1200,Visa,Jenevieve,Guelph,Ontario,Canada
1/14/09 0:03,Product2,3600,Mastercard,Piret,Bunbury,Western Australia,Australia
1/13/09 1:55,Product1,1200,Mastercard,Damian,Mettlach,Saarland,Germany
1/12/09 23:21,Product1,1200,Mastercard,Lusell,Oberwil,Basel-Country,Switzerland
1/22/09 2:16,Product1,1200,Visa,Costanza,Beykoz,Istanbul,Turkey
1/29/09 12:53,Product1,1200,Visa,Vanessa,Arc-et-Senans,Franche-Comte,France
1/28/09 11:36,Product1,1200,Diners,Evelyn,Grossbodungen,Thuringia,Germany
1/19/09 6:50,Product1,1200,Amex,Nicola,Bruxelles,Brussels (Bruxelles),Belgium
1/30/09 5:20,Product1,1200,Visa,Simone,Kilcornan,Limerick,Ireland
1/19/09 14:06,Product1,1200,Mastercard,Elisabeth,Wilmington                  ,NC,United States
1/8/09 9:43,Product1,1200,Visa,Kasey,Aix-en-Provence,Provence-Alpes-Cote d'Azur,France
1/23/09 9:09,Product2,3600,Amex,Olympe,Lidingo,Stockholm,Sweden
1/20/09 8:58,Product1,1200,Visa,James,Edmonton,Alberta,Canada
1/2/09 13:35,Product1,1200,Visa,Alyssa,Antibes,Provence-Alpes-Cote d'Azur,France
1/9/09 15:03,Product1,1200,Visa,Reto,Seattle                     ,WA,United States
1/23/09 7:04,Product1,1200,Amex,Joelle,Rowayton                    ,CT,United States
1/17/09 10:14,Product1,1200,Mastercard,Nicole,Simcoe,Ontario,Canada
1/19/09 16:16,Product1,1200,Mastercard,Alexandria,Lebanon                     ,PA,United States
1/20/09 13:54,Product1,1200,Mastercard,Elisabeth,Birkdale,Queensland,Australia
1/23/09 21:35,Product1,1200,Visa,Ann,Brisbane,Queensland,Australia
1/21/09 23:41,Product1,1200,Visa,Olga,Strasbourg,Alsace,France
1/21/09 4:11,Product1,1200,Visa,Courtney,Suchdol,Prague,Czech Republic
1/10/09 3:43,Product1,1200,Visa,stacy,Stuttgart,Baden-Wurttemberg,Germany
1/15/09 18:08,Product2,3600,Amex,Monica,Villanova                   ,PA,United States
1/20/09 14:48,Product2,3600,Visa,Michael,Norrkoping,Ostergotland,Sweden
1/21/09 11:56,Product1,1200,Visa,Katrin,Zumikon,Zurich,Switzerland
1/30/09 6:18,Product2,3600,Mastercard,Louise,Balgach,St Gallen,Switzerland
1/12/09 17:28,Product1,1200,Amex,Alfredo A,Las Vegas                   ,NV,United States
1/29/09 8:27,Product2,3600,Visa,Kerry,Prague,Central Bohemia,Czech Republic
1/24/09 12:43,Product1,1200,Visa,Saeko ,Warwick                     ,NY,United States
1/7/09 10:49,Product2,3600,Visa,VIOLETA,Silver Spring               ,MD,United States
1/11/09 17:06,Product1,1200,Visa,Antje,Sacramento                  ,CA,United States
1/30/09 6:17,Product1,1200,Visa,janet,Blarney,Cork,Ireland
1/7/09 10:52,Product1,1200,Visa,claire ,Ballyneety,Limerick,Ireland
1/27/09 6:20,Product1,1200,Mastercard,Nathalie,Haymarket                   ,VA,United States
1/21/09 20:02,Product1,1200,Mastercard,Daria,George Town, ,Cayman Isls
1/4/09 16:23,Product1,1200,Visa,Judith L.,Scottsdale                  ,AZ,United States
1/6/09 12:26,Product1,1200,Visa,Audinet,Cambridge                   ,MA,United States
1/11/09 4:34,Product1,1200,Visa,William,Chalfont Saint Peter,England,United Kingdom
1/17/09 6:39,Product1,1200,Diners,Tatjana and Martin,Birmingham,England,United Kingdom
1/4/09 3:41,Product1,1200,Mastercard,Scott,Den Haag,Zuid-Holland,Netherlands
1/12/09 5:50,Product3,7500,Mastercard,Brona,Den Haag,Zuid-Holland,Netherlands
1/3/09 13:43,Product1,1200,Mastercard,Andree,Newmarket,Cork,Ireland
1/11/09 6:51,Product1,1200,Visa,Aziz,Irpin',Kiev,Ukraine
1/17/09 6:23,Product1,1200,Visa,Fernando,Grosseto,Tuscany,Italy
1/26/09 18:38,Product1,1200,Visa,Jo,Pembroke Pines              ,FL,United States
1/31/09 13:26,Product1,1200,Visa,Joern,Waterford,Ontario,Canada
1/21/09 2:20,Product2,3600,Visa,Melissa,Carouge,Geneve,Switzerland
1/18/09 13:25,Product1,1200,Visa,Melissa,Chester                     ,CT,United States
1/18/09 18:57,Product1,1200,Mastercard,isabela,Reston                      ,VA,United States
1/31/09 1:59,Product1,1200,Visa,Nacole,Milan,Lombardy,Italy
1/25/09 16:08,Product1,1200,Diners,Jennifer,Vancouver,British Columbia,Canada
1/16/09 19:13,Product1,1200,Diners,Mary,Alpharetta                  ,GA,United States
1/31/09 15:25,Product1,1200,Visa,Lisa,Ringgold                    ,GA,United States
1/9/09 8:57,Product1,1200,Diners,Debora ,Wall                        ,NJ,United States
1/4/09 22:18,Product2,3600,Mastercard,Karoline ,Powell River,British Columbia,Canada
1/10/09 15:18,Product2,3600,Mastercard,Jo ,Huntington Beach            ,CA,United States
1/16/09 19:47,Product1,1200,Amex,Kristen,Los Gatos                   ,CA,United States
1/25/09 8:16,Product2,3600,Visa,Astrid,Oslo,Oslo,Norway
1/25/09 8:48,Product1,1200,Mastercard,Malinda,Oxford,England,United Kingdom
1/17/09 9:12,Product1,1200,Amex,Sylvia,Alexandria                  ,VA,United States
1/24/09 1:22,Product1,1200,Visa,Jupiterlina Elika,Rome,Lazio,Italy
1/27/09 15:09,Product1,1200,Visa,Aniko,Random Lake                 ,WI,United States
1/25/09 21:49,Product1,1200,Mastercard,Petra,San Francisco               ,CA,United States
1/24/09 8:51,Product1,1200,Mastercard,Heather,Baluan,General Santos,Philippines
1/6/09 14:08,Product1,1200,Mastercard,Kim,Brussels,Brussels (Bruxelles),Belgium
1/17/09 14:06,Product1,1200,Amex,Ruby,Bedford Corners             ,NY,United States
1/21/09 12:38,Product1,1200,Visa,Novy ,Istanbul,Istanbul,Turkey
1/30/09 23:49,Product2,3600,Visa,Stephanie,Hilversum,Noord-Holland,Netherlands
1/12/09 12:00,Product1,1200,Mastercard,Tammy,Milford                     ,ME,United States
1/29/09 21:40,Product1,1200,Visa,Alessandra,Vancouver,British Columbia,Canada
1/24/09 13:38,Product1,1200,Mastercard,Cathy,Kidderminster,England,United Kingdom
1/25/09 13:50,Product2,3600,Visa,Scott,Lausanne,Vaud,Switzerland
1/12/09 13:41,Product1,1200,Amex,dia,Claygate,England,United Kingdom
1/5/09 11:44,Product1,1200,Visa,Lauren,Laasby,Arhus,Denmark
1/2/09 8:31,Product1,1200,Visa,Line,Budaors,Pest,Hungary
1/31/09 7:13,Product1,1200,Amex,Sean,London,England,United Kingdom
1/20/09 2:17,Product1,1200,Diners,Sarah,Santo Domingo City,Distrito Nacional,Dominican Republic
1/25/09 20:15,Product1,1200,Visa,Brian,Croton On Hudson            ,NY,United States
1/25/09 19:44,Product1,1200,Mastercard,Lesa,Vespasiano,Minas Gerais,Brazil
1/30/09 9:00,Product1,1200,Mastercard,james,Nashville                   ,TN,United States
1/7/09 19:18,Product1,1200,Mastercard,loudon,Ottawa,Ontario,Canada
1/4/09 10:18,Product1,1200,Mastercard,Allison,Naples                      ,FL,United States
1/23/09 14:57,Product1,1200,Mastercard,Surat,Bridgewater                 ,NJ,United States
1/12/09 10:08,Product2,3600,Mastercard,Judy,Washington                  ,DC,United States
1/19/09 4:22,Product1,1200,Diners,brian,Hagen,Lorraine,France
1/21/09 21:37,Product1,1200,Visa,Rachel,Taicheng,Guangdong,China
1/25/09 4:34,Product1,1200,Mastercard,Hilde,Groningen,Groningen,Netherlands
1/30/09 1:09,Product1,1200,Mastercard,Tarja,Villars,Vaud,Switzerland
1/26/09 15:16,Product1,1200,Visa,Megan,Huntersville                ,NC,United States
1/15/09 15:56,Product2,3600,Visa,Charmain,Cartersburg                 ,IN,United States
1/2/09 20:47,Product1,1200,Visa,Katharina,Flower Mound                ,TX,United States
1/25/09 9:36,Product1,1200,Visa,Zaneta ,Rochester                   ,MI,United States
1/20/09 20:09,Product1,1200,Visa,Jeannette,Dubai,Dubayy,United Arab Emirates
1/8/09 11:14,Product2,3600,Visa,Liz,Langnau,Zurich,Switzerland
1/6/09 20:39,Product2,3600,Mastercard,Christiane,Mission,British Columbia,Canada
1/6/09 18:10,Product1,1200,Visa,Cherie,Columbus                    ,OH,United States
1/11/09 6:46,Product2,3600,Visa,Shiree,Clondalkin,Dublin,Ireland
1/19/09 14:26,Product1,1200,Mastercard,Tracey,Harold's Cross,Dublin,Ireland
1/31/09 6:14,Product1,1200,Diners,Scott ,Sag Harbor                  ,NY,United States
1/6/09 9:31,Product1,1200,Visa,Frances,San Diego                   ,CA,United States
1/21/09 7:31,Product1,1200,Mastercard,Beatrice,Wilmington                  ,DE,United States
1/20/09 17:23,Product2,3600,Visa,Jessica,Toronto,Ontario,Canada
1/29/09 12:10,Product1,1200,Amex,Alison,Issaquah                    ,WA,United States
1/24/09 23:21,Product1,1200,Visa,elaine,Phuket,Phuket,Thailand
1/28/09 10:37,Product1,1200,Visa,Chevonne,Athina,Attiki,Greece
1/30/09 14:36,Product1,1200,Visa,danielle,Geneve,Geneve,Switzerland
1/21/09 2:07,Product1,1200,Mastercard,Caroline and Jonathan,Chichester,England,United Kingdom
1/26/09 6:37,Product1,1200,Visa,manuela,Massagno,Ticino,Switzerland
1/4/09 14:27,Product1,1200,Visa,Carole,Cardiff,Wales,United Kingdom
1/9/09 3:03,Product2,3600,Amex,Ghislaine,Ferney-Voltaire,Rhone-Alpes,France
1/8/09 19:26,Product2,3600,Visa,Christian,Mableton                    ,GA,United States
1/10/09 16:02,Product1,1200,Visa,Hollie,San Diego                   ,CA,United States
1/6/09 6:31,Product1,1200,Visa,mike,La Louviere,Hainaut,Belgium
1/23/09 13:13,Product1,1200,Mastercard,Malahat,Minneapolis                 ,MN,United States
1/18/09 17:55,Product1,1200,Amex,Michaela,Mafra,Santa Catarina,Brazil
1/5/09 15:15,Product1,1200,Amex,Amy,Ashford,England,United Kingdom
1/2/09 10:32,Product1,1200,Mastercard,Brandi,Edmonton,Alberta,Canada
1/25/09 9:27,Product1,1200,Visa,erin,London,England,United Kingdom
1/5/09 6:12,Product1,1200,Diners,Tracy,Lucca,Tuscany,Italy
1/6/09 2:41,Product1,1200,Visa,Polyxene,Perth,Western Australia,Australia
1/27/09 14:42,Product2,3600,Mastercard,Jean,Arlington                   ,VA,United States
1/8/09 12:03,Product1,1200,Diners,Andrea,Calgary,Alberta,Canada
1/29/09 12:16,Product1,1200,Mastercard,Jessica,Chiefland                   ,FL,United States
1/19/09 10:47,Product1,1200,Mastercard,David,Stavenger,Rogaland,Norway
1/8/09 2:49,Product2,3600,Mastercard,Caroline,Begnins,Vaud,Switzerland
1/19/09 17:40,Product1,1200,Visa,Riche Lou,Newton                      ,MA,United States
1/11/09 0:15,Product1,1200,Mastercard,Chris,Den Haag,Zuid-Holland,Netherlands
1/16/09 5:12,Product2,3600,Visa,Karen,Berikon,Aargau,Switzerland
1/19/09 6:52,Product1,1200,Diners,melanie,Santa Barbaraa,Heredia,Costa Rica
1/26/09 1:14,Product1,1200,Visa,beatrice,Churra,Murcia,Spain
1/30/09 10:31,Product1,1200,Mastercard,lorna,Castle Rock                 ,CO,United States
1/23/09 5:52,Product1,1200,Amex,Tary,Zug,Zug,Switzerland
1/7/09 9:54,Product1,1200,Visa,Julie ,Ashford,England,United Kingdom
1/1/09 16:44,Product1,1200,Amex,Julie ,Rockville                   ,MD,United States
1/23/09 9:27,Product1,1200,Mastercard,Jerome,Madrid,Madrid,Spain
1/22/09 12:56,Product1,1200,Visa,Laleh,Aasgaardstrand,Vestfold,Norway
1/16/09 13:35,Product1,1200,Visa,Michael,Milano,Lombardy,Italy
1/13/09 9:26,Product1,1200,Visa,Kerry,Anieres,Geneve,Switzerland
1/25/09 11:35,Product3,7500,Mastercard,Anita,Fresno                      ,TX,United States
1/26/09 14:02,Product1,1200,Mastercard,Veronique,Fresno                      ,TX,United States
1/7/09 13:26,Product1,1200,Visa,Sarah,Warwick,Quebec,Canada
1/15/09 11:45,Product1,1200,Diners,Simone,Watford,England,United Kingdom
1/27/09 12:02,Product1,1200,Visa,Jackie,Waterford,Waterford,Ireland
1/28/09 14:09,Product1,1200,Visa,giovanna,Pruszkow,Mazowieckie,Poland
1/23/09 7:13,Product1,1200,Visa,Elizabeth,Hamilton,Hamilton,Bermuda
1/22/09 15:59,Product2,3600,Visa,Lisa,Ottawa,Ontario,Canada
1/16/09 10:27,Product1,1200,Mastercard,Maki,Montgomery                  ,TX,United States
1/26/09 22:45,Product1,1200,Amex,Anjan,Tokyo,Tokyo,Japan
1/25/09 18:33,Product1,1200,Mastercard,Sarah,Manteno                     ,IL,United States
1/16/09 6:13,Product1,1200,Mastercard,Niamh,Benoni,Gauteng,South Africa
1/12/09 17:19,Product2,3600,Diners,elizabeth r,Winter Haven                ,FL,United States
1/2/09 4:21,Product1,1200,Visa,Elaine,Tranby,Buskerud,Norway
1/5/09 3:03,Product1,1200,Diners,Elizabeth,Cork,Cork,Ireland
1/15/09 15:22,Product1,1200,Visa,Sara,Fort Lauderdale             ,FL,United States
1/26/09 5:38,Product2,3600,Amex,Tulin,Cranberry Twp               ,PA,United States
1/24/09 10:38,Product1,1200,Visa,Kenneth,Arlington                   ,VA,United States
1/2/09 7:30,Product1,1200,Mastercard,Fiona,Lake Ronkonkoma,NY,United States
1/26/09 6:38,Product1,1200,Visa,Christian,Alexandria                  ,VA,United States
1/17/09 7:56,Product3,7500,Diners,Michel,Lipari,Sicilia,Italy
1/17/09 7:58,Product3,7500,Diners,natalie,Lipari,Sicilia,Italy
1/18/09 4:32,Product1,1200,Diners,jure,Lipari,Sicilia,Italy
1/26/09 8:00,Product1,1200,Amex,Elizabeth ,Bluffton                    ,SC,United States
1/11/09 8:41,Product1,1200,Amex,Juliann,Winter Spgs                 ,FL,United States
1/21/09 10:32,Product1,1200,Mastercard,Julie ,Chelmsford                  ,MA,United States
1/29/09 12:27,Product1,1200,Mastercard,philippa katherine,Cabinteely,Dublin,Ireland
1/13/09 13:19,Product2,3600,Mastercard,Anthony,Toronto,Ontario,Canada
1/31/09 18:12,Product1,1200,Visa,matthew,Cincinnati                  ,OH,United States
1/22/09 15:35,Product1,1200,Visa,Steven,Houston                     ,TX,United States
1/5/09 11:24,Product1,1200,Amex,Angie,Rodeo                       ,CA,United States
1/23/09 11:23,Product1,1200,Mastercard,Lauren,Poughkeepsie                ,NY,United States
1/7/09 20:55,Product1,1200,Mastercard,Esther,Cincinnati                  ,OH,United States
1/13/09 9:40,Product1,1200,Visa,Elizabeth,North Eastham               ,MA,United States
1/25/09 15:18,Product2,3600,Visa,marie-louise,Sitka                       ,AK,United States
1/30/09 20:58,Product2,3600,Mastercard,Tanya,Carcross,Yukon Territory,Canada
1/31/09 4:50,Product1,1200,Mastercard,Detlev,Taby,Stockholm,Sweden
1/20/09 10:05,Product2,3600,Visa,Stephen,Calgary,Alberta,Canada
1/9/09 5:15,Product1,1200,Visa,Roza,Alcobendas,Madrid,Spain
1/13/09 7:09,Product2,3600,Amex,John,Chicago                     ,IL,United States
1/3/09 11:03,Product1,1200,Mastercard,paula,Sammamish                   ,WA,United States
1/17/09 20:51,Product1,1200,Visa,Kathryn,Waiau Pa,Auckland,New Zealand
1/5/09 7:55,Product1,1200,Mastercard,Isabelle,Ewa Beach                   ,HI,United States
1/25/09 14:40,Product1,1200,Visa,Maureen,Statesville                 ,NC,United States
1/25/09 17:55,Product1,1200,Visa,David,Kapaa                       ,HI,United States
1/3/09 12:54,Product1,1200,Diners,caterina,Burbank                     ,CA,United States
1/22/09 3:57,Product2,3600,Mastercard,Parth,Oegstgeest,Zuid-Holland,Netherlands
1/23/09 5:11,Product1,1200,Visa,Alexia,Blackrock,Dublin,Ireland
1/25/09 11:52,Product2,3600,Mastercard,Gloria Gail ,WalcProduct3ee,Tyrol,Austria
1/10/09 4:12,Product1,1200,Visa,Gloria Gail ,Foxrock,Dublin,Ireland
1/10/09 9:32,Product2,3600,Mastercard,Cheryl,Hilton Head                 ,SC,United States
1/22/09 12:45,Product3,7500,Visa,Frank and Christelle,Valley Center               ,CA,United States
1/6/09 18:11,Product2,3600,Mastercard,Triona,Swampscott                  ,MA,United States
1/19/09 5:56,Product1,1200,Visa,Allison,Edinburgh,Scotland,United Kingdom
1/25/09 10:50,Product1,1200,Diners,Phillip,San Antonio                 ,TX,United States
1/14/09 8:38,Product1,1200,Visa,jingyan,Bristol                     ,RI,United States
1/2/09 17:24,Product2,3600,Diners,clara,Perth,Western Australia,Australia
1/7/09 18:15,Product1,1200,Mastercard,Selma,Greenville                  ,TX,United States
1/3/09 21:19,Product1,1200,Visa,Doug and Tina,Pls Vrds Est                ,CA,United States
1/4/09 5:13,Product1,1200,Visa,Lauren,Hradec Kralove,East Bohemia,Czech Republic
1/4/09 9:28,Product1,1200,Visa,Jen,Maidstone,England,United Kingdom
1/2/09 4:34,Product1,1200,Visa,gladys,Saint Albans,England,United Kingdom
1/22/09 11:10,Product1,1200,Mastercard,Gustavo,Voluntari,Bucuresti,Romania
1/7/09 12:06,Product1,1200,Visa,Erica,Nadur, ,Malta
1/29/09 13:25,Product1,1200,Diners,Hale,Morrison                    ,CO,United States
1/27/09 2:57,Product1,1200,Visa,Rosemary,Cobham,England,United Kingdom
1/7/09 13:19,Product1,1200,Visa,Darian,Izmir,Izmir,Turkey
1/23/09 10:04,Product1,1200,Mastercard,Kevin,Hollywood                   ,CA,United States
1/19/09 4:55,Product1,1200,Visa,Alyssa,Brighton,England,United Kingdom
1/28/09 22:02,Product1,1200,Visa,Hale,Hawera,Taranaki,New Zealand
1/4/09 18:57,Product1,1200,Mastercard,KELI,Worongary,Queensland,Australia
1/12/09 20:31,Product1,1200,Visa,Glen,Atlantida,Guatemala,Guatemala
1/24/09 12:00,Product1,1200,Visa,T,El Escorial,Madrid,Spain
1/28/09 11:19,Product1,1200,Visa,christal,Morrison                    ,CO,United States
1/7/09 17:48,Product1,1200,Mastercard,Alex,Augusta                     ,GA,United States
1/23/09 12:42,Product2,3600,Mastercard,Anke,Avalon,New South Wales,Australia
1/7/09 19:48,Product2,3600,Mastercard,TRICIA,Sydney,New South Wales,Australia
1/26/09 11:19,Product1,1200,Mastercard,smith,Lahti,Etela-Suomen Laani,Finland
1/5/09 13:23,Product1,1200,Visa,Macy,Inner City,Vienna,Austria
1/26/09 13:41,Product1,1200,Mastercard,Lesleigh,Baden,Aargau,Switzerland
1/20/09 10:42,Product2,3600,Diners,esther,Huddersfield,England,United Kingdom
1/22/09 14:25,Product1,1200,Visa,Hans-Joerg,Belfast,Northern Ireland,United Kingdom
1/28/09 5:36,Product2,3600,Visa,Christiane,Black River,Black River,Mauritius
1/1/09 4:24,Product3,7500,Amex,Pamela,Skaneateles                 ,NY,United States
1/8/09 11:55,Product1,1200,Diners,julie,Haverhill,England,United Kingdom
1/12/09 21:30,Product1,1200,Visa,Julia ,Madison                     ,WI,United States